Response,Key,BIL_EXPOSURE_BEFORE_5
79,79,YES
95,95,YES
65,65,YES
23,23,YES
26,26,YES
392,392,YES
365,365,YES
439,439,YES
286,286,YES
536,536,YES
8469,8469,YES
2513,2513,YES
2149,2149,YES
6928,6928,YES
1327,1327,YES
43892,43892,YES
71934,71934,YES
94321,94321,YES
46937,46937,YES
69532,69532,YES
763918,763918,YES
537941,537941,YES
539472,539472,YES
913847,139847,YES
681534,682534,YES
9153684,9153684,YES
2654378,2654378,YES
5193827,1593827,YES
7315642,1375642,YES
6385472,3685472,YES
72,72,YES
74,74,YES
24,24,YES
13,13,YES
13,13,YES
315,315,YES
358,358,YES
917,917,YES
946,946,YES
587,587,YES
4796,4796,YES
2671,2671,YES
3895,3895,YES
2659,2659,YES
4681,4681,YES
67839,67839,YES
12347,12347,YES
62189,62189,YES
36271,36271,YES
23597,23597,YES
459318,459318,YES
237851,237851,YES
285964,285964,YES
421367,421367,YES
351897,351897,YES
9782345,9782345,YES
2619437,2619437,YES
3427598,3427589,YES
8175263,8175000,YES
8569123,8569123,YES
51467289,51467289,YES
95136842,36482,YES
18729364,18729364,YES
23541697,23541697,YES
63275418,63275418,YES
923475861,923475681,YES
945783261,974536182,YES
486295371,468295371,YES
743965128,749300000,YES
681534279,681537429,YES
52,52,YES
78,78,YES
46,46,YES
92,92,YES
39,39,YES
697,697,YES
164,164,YES
952,952,YES
861,861,YES
582,582,YES
6829,6829,YES
4127,4127,YES
5618,5618,YES
6241,6241,YES
2479,2479,YES
46821,46821,YES
31452,31452,YES
85371,85371,YES
95617,95617,YES
87461,87461,YES
285763,285763,YES
256817,256781,YES
539684,539684,YES
751389,751389,YES
219756,219576,YES
4975186,497186,YES
3426597,3425967,YES
7968324,7986342,YES
1457368,1457896,YES
3298674,3247608,YES
75,75,YES
63,63,YES
85,85,YES
13,13,YES
91,91,YES
856,856,YES
352,352,YES
483,483,YES
814,814,YES
629,629,YES
8671,8671,YES
1839,1839,YES
7251,7251,YES
8257,8257,YES
8249,8249,YES
39158,39158,YES
74319,74319,YES
37651,37651,YES
23569,23569,YES
96453,95643,YES
725968,725968,YES
652317,652710,YES
769135,769135,YES
719364,791346,YES
896451,896400,YES
81,81,NO
86,86,NO
98,98,NO
41,41,NO
96,96,NO
376,376,NO
732,732,NO
961,961,NO
935,935,NO
542,542,NO
6435,6435,NO
5379,5379,NO
9425,9425,NO
3564,3564,NO
9132,9132,NO
14796,14796,NO
24365,24365,NO
74962,74962,NO
75946,75946,NO
61298,61298,NO
436195,614595,NO
849315,843191,NO
634821,643281,NO
123954,126394,NO
784516,784516,NO
13,13,YES
91,91,YES
14,14,YES
29,29,YES
34,34,YES
236,236,YES
752,752,YES
148,148,YES
654,654,YES
647,647,YES
2581,2581,YES
4189,4189,YES
6154,6154,YES
3741,3741,YES
2753,2753,YES
34271,34271,YES
65427,65427,YES
29483,29483,YES
45781,45781,YES
83952,83952,YES
751432,754132,YES
598413,598413,YES
523947,5293714,YES
863197,869137,YES
167923,169723,YES
57,57,YES
76,76,YES
41,41,YES
82,82,YES
34,34,YES
193,193,YES
126,126,YES
421,421,YES
618,618,YES
687,687,YES
2491,2491,YES
9185,9185,YES
3984,3984,YES
1287,1287,YES
3694,3694,YES
64825,64825,YES
76218,76218,YES
73482,73482,YES
53726,53726,YES
64173,64173,YES
894751,894751,YES
816793,817693,YES
742156,742056,YES
349671,349671,YES
763829,768329,YES
63,63,YES
73,73,YES
91,91,YES
49,49,YES
84,84,YES
724,724,YES
298,298,YES
156,156,YES
138,138,YES
735,735,YES
5769,5769,YES
3615,3615,YES
7568,7568,YES
7915,7915,YES
4591,4591,YES
56897,56897,YES
74359,74359,YES
49683,49683,YES
63891,63891,YES
72346,72346,YES
639872,639872,YES
835467,835467,YES
392758,392758,YES
168523,158623,YES
865132,865132,YES
1692573,1692573,YES
7546813,7546813,YES
2483719,2483719,YES
4561973,4561973,YES
4971263,4971263,YES
46725938,46725938,YES
79863254,7962352,YES
73245169,7324516,YES
81429736,8942736,YES
23716854,23716854,YES
78,78,YES
95,95,YES
26,26,YES
12,12,YES
86,86,YES
436,436,YES
237,237,YES
713,713,YES
546,546,YES
972,972,YES
6138,6138,YES
9174,9174,YES
8416,8416,YES
5283,5283,YES
7239,7239,YES
84675,84675,YES
71268,71268,YES
63487,63487,YES
74658,76548,YES
78534,78543,YES
451962,451962,YES
892751,982751,YES
483756,438756,YES
862715,862715,YES
134569,134569,YES
7924156,7924156,YES
4385716,4385716,YES
7593264,754396,YES
4359712,4359712,YES
3759612,3769512,YES
59813274,5987002,YES
12893746,12893746,YES
97153864,9715386,YES
19658273,1987623,YES
57248693,5749863,YES
29,29,NO
79,79,NO
29,29,NO
86,86,NO
87,87,NO
253,253,NO
365,365,NO
715,715,NO
732,732,NO
782,782,NO
5613,5613,NO
3294,3294,NO
8973,8973,NO
9158,5918,NO
4257,4257,NO
78362,78362,NO
21735,2137,NO
28571,28571,NO
12563,12353,NO
56983,5693,NO
62,62,NO
27,27,NO
93,93,NO
98,98,NO
35,35,NO
419,419,NO
768,768,NO
482,482,NO
528,528,NO
549,549,NO
1869,1869,NO
2647,2647,NO
3749,3749,NO
6817,6817,NO
7843,7843,NO
59471,59471,NO
64219,64219,NO
51983,51983,NO
93628,93682,NO
52481,52048,NO
235619,235619,NO
684792,6840792,NO
876521,876521,NO
746153,746513,NO
542719,542719,NO
7629385,7629385,NO
5678192,5678192,NO
2731684,2761068,NO
8642593,864259,NO
8247519,8245759,NO
39,39,NO
56,56,NO
75,75,NO
67,67,NO
14,14,NO
412,412,NO
398,398,NO
975,975,NO
983,983,NO
548,548,NO
7682,7682,NO
6153,6153,NO
7394,7394,NO
2761,2761,NO
8641,8641,NO
71249,71249,NO
56743,56743,NO
57631,57631,NO
19862,19862,NO
95617,95617,NO
612547,612547,NO
925718,925718,NO
625791,625791,NO
756214,756214,NO
486127,486127,NO
5498713,5798741,NO
4279685,4279685,NO
9627348,9726581,NO
1457268,1457268,NO
9437812,9347851,NO
37,37,NO
26,26,NO
15,15,NO
54,54,NO
73,73,NO
895,895,NO
683,683,NO
593,593,NO
524,524,NO
983,983,NO
3417,3417,NO
3724,3724,NO
5813,5813,NO
1462,1462,NO
1485,1485,NO
72483,72483,NO
47526,47526,NO
14562,14562,NO
89235,89235,NO
17625,17625,NO
748312,748312,NO
462897,462897,NO
261938,261938,NO
928736,928736,NO
431697,431697,NO
7419268,7439286,NO
4812693,4812693,NO
7456839,7456839,NO
2145973,21452973,NO
7358491,7358491,NO
54293718,54293700,NO
98742635,98742635,NO
72964138,7469138,NO
43697821,47983200,NO
24589731,24985731,NO
14,14,YES
83,83,YES
12,12,YES
85,85,YES
42,42,YES
195,195,YES
765,765,YES
549,549,YES
536,536,YES
927,927,YES
4231,4231,YES
5927,5927,YES
4395,4395,YES
7486,7486,YES
2196,2196,YES
54732,54732,YES
13257,13257,YES
57921,57921,YES
24819,24819,YES
36481,36481,YES
286793,286793,YES
519687,519687,YES
469821,468921,YES
421953,421953,YES
357864,357864,YES
4612987,4612987,YES
3256184,3256184,YES
5413728,5413782,YES
1796258,1796258,YES
6137845,6137845,YES
28471936,28471936,YES
19263587,19263587,YES
93458726,97453600,YES
21967845,21967845,YES
43971628,43971628,YES
857164293,857462913,YES
795413862,795432860,YES
591642387,59421638,YES
432198576,438401196,YES
384579261,348571246,YES
57,57,YES
28,28,YES
29,29,YES
93,93,YES
23,23,YES
548,548,YES
682,682,YES
863,863,YES
163,163,YES
184,184,YES
7518,7518,YES
4163,4163,YES
6538,6538,YES
9578,9578,YES
8519,8519,YES
52718,52718,YES
61289,61289,YES
96871,96871,YES
23745,23745,YES
28316,28316,YES
513824,513824,YES
528143,518423,YES
523786,523786,YES
276931,276931,YES
362198,362198,YES
4129583,4129583,YES
9731248,9731248,YES
8276543,8276543,YES
4752396,475132396,YES
9671425,9671425,YES
62947851,68247981,YES
32687154,32678134,YES
56497283,56497283,YES
79821436,79820436,YES
59834712,59834712,YES
68,68,NO
65,65,NO
58,58,NO
48,48,NO
59,59,NO
318,318,NO
158,158,NO
362,362,NO
826,826,NO
529,529,NO
8732,8732,NO
9536,9536,NO
5968,5968,NO
7948,7948,NO
5342,5342,NO
48352,48352,NO
83254,83254,NO
62941,62941,NO
37486,37486,NO
34297,34297,NO
231697,231697,NO
791268,791268,NO
216854,216854,NO
269318,269318,NO
649372,649372,NO
3159864,31958694,NO
8246395,8246395,NO
5641739,5641739,NO
8574261,8576000,NO
2369548,2356480,NO
78,78,YES
26,26,YES
18,18,YES
67,67,YES
34,34,YES
316,316,YES
642,642,YES
975,975,YES
613,613,YES
125,125,YES
3476,3476,YES
1827,1827,YES
4198,4198,YES
3452,3452,YES
8623,8623,YES
15286,15286,YES
57816,57816,YES
57382,57382,YES
97582,97582,YES
72361,72361,YES
718532,758132,YES
236984,236984,YES
247516,247516,YES
813426,813426,YES
382146,382146,YES
7692841,7698241,YES
5621437,5621437,YES
2465973,2465973,YES
7932458,7932458,YES
5869134,5869134,YES
41592386,41953286,YES
67149285,67419285,YES
86357194,86357913,YES
81475392,87145392,YES
16493572,16493572,YES
14,14,YES
43,43,YES
98,98,YES
69,69,YES
61,61,YES
968,968,YES
457,457,YES
921,921,YES
512,512,YES
617,617,YES
2178,2178,YES
7418,7418,YES
7548,7548,YES
2976,2976,YES
7935,7935,YES
94183,94183,YES
37826,37826,YES
38624,38624,YES
79458,79458,YES
87914,87914,YES
458693,458693,YES
375124,375124,YES
836152,836152,YES
493165,493165,YES
783169,783169,YES
4168925,4168923,YES
1974253,1974253,YES
7329516,2731596,YES
4398261,4939261,YES
4817592,4758192,YES
35,35,YES
54,54,YES
17,17,YES
36,36,YES
83,83,YES
634,634,YES
614,614,YES
123,123,YES
859,859,YES
719,719,YES
7219,7219,YES
8329,8329,YES
5463,5463,YES
9617,9617,YES
4521,4521,YES
84537,84537,YES
95871,95871,YES
51627,51627,YES
94865,94865,YES
91654,91654,YES
548176,548176,YES
398462,298462,YES
486523,486523,YES
281967,21896,YES
719628,719628,YES
4673951,4673951,YES
5246173,5206173,YES
5684173,5684173,YES
7439681,7439681,YES
1398675,1398765,YES
16742953,1675279430,YES
84351269,84351296,YES
56183497,83207,YES
25437918,25437918,YES
62381594,62381594,YES
93,93,YES
81,81,YES
21,21,YES
64,64,YES
12,12,YES
174,174,YES
896,896,YES
863,863,YES
865,865,YES
687,687,YES
5726,5726,YES
8931,8931,YES
7529,7529,YES
1974,1974,YES
3687,3687,YES
43512,43512,YES
34286,34286,YES
84392,84392,YES
37194,37194,YES
71423,74123,YES
548319,548319,YES
738926,738926,YES
243165,243165,YES
978146,978146,YES
529671,529671,YES
2197654,2197654,YES
6529147,6029147,YES
5192683,5192618,YES
7182346,7182346,YES
5629417,5629417,YES
24835976,24835976,YES
52471638,52671538,YES
94731586,95731586,YES
43712695,43712395,YES
18346952,18006592,YES
14,14,YES
36,36,YES
92,92,YES
18,18,YES
92,92,YES
937,937,YES
619,619,YES
724,724,YES
172,172,YES
872,872,YES
8213,8213,YES
6379,6379,YES
8159,8159,YES
7683,7683,YES
5746,5746,YES
76938,76938,YES
37918,37918,YES
73815,73815,YES
18276,18276,YES
98375,98375,YES
782491,782491,YES
618953,618953,YES
921685,921685,YES
623591,623591,YES
534812,534812,YES
8956473,8956473,YES
5382764,5382764,YES
1352987,1352987,YES
9532168,9532168,YES
3187249,3187429,YES
14968325,14968325,YES
82953764,8295367,YES
65319278,65329237,YES
18947523,18943275,YES
34689217,34689217,YES
39,39,NO
96,96,NO
95,95,NO
92,92,NO
69,69,NO
952,952,NO
523,523,NO
358,358,NO
691,691,NO
528,528,NO
9213,9213,NO
5637,5637,NO
5387,5387,NO
5486,5486,NO
7598,7598,NO
85193,85193,NO
47618,47618,NO
71259,71529,NO
85742,85742,NO
26139,26139,NO
512483,512483,NO
213649,214369,NO
274981,274981,NO
719243,719243,NO
296145,291645,NO
2683954,268394,NO
3526418,3546281,NO
9513748,9536438,NO
8195237,81953827,NO
1529834,1598320,NO
63,63,YES
97,97,YES
75,75,YES
14,14,YES
37,37,YES
279,279,YES
943,943,YES
481,481,YES
576,576,YES
329,329,YES
2163,2163,YES
3716,3716,YES
9723,9723,YES
8965,8965,YES
6231,6231,YES
69723,69723,YES
24631,24631,YES
45319,45319,YES
41637,41637,YES
83564,83465,YES
754389,754389,YES
926834,926834,YES
231856,231856,YES
329416,329416,YES
519324,519324,YES
2986375,29863725,YES
2183649,236849,YES
5269384,5269384,YES
6214958,6259384,YES
5628493,5268383,YES
21,21,YES
48,48,YES
93,93,YES
92,92,YES
43,43,YES
165,165,YES
862,862,YES
479,479,YES
417,417,YES
985,985,YES
2896,2896,YES
9628,9628,YES
3697,3697,YES
5146,5146,YES
1863,1863,YES
47391,47391,YES
56982,56982,YES
15278,15278,YES
31465,31465,YES
92546,92546,YES
746839,746390,YES
673851,673851,YES
289513,829513,YES
729416,721694,YES
192873,192873,YES
71,71,YES
63,63,YES
96,96,YES
81,81,YES
59,59,YES
581,581,YES
917,917,YES
835,835,YES
813,813,YES
489,489,YES
6237,6237,YES
2957,2957,YES
8592,8592,YES
4579,4579,YES
8391,8391,YES
17692,17692,YES
64873,64873,YES
31468,31468,YES
62314,62314,YES
98573,98573,YES
519374,519374,YES
287513,287513,YES
647385,647385,YES
235847,235847,YES
745612,745612,YES
3481752,3487512,YES
4675819,4657819,YES
8957312,8957312,YES
7894612,7894612,YES
6158297,6152897,YES
46,46,NO
61,61,NO
17,17,NO
56,56,NO
34,34,NO
781,781,NO
964,964,NO
856,856,NO
284,284,NO
762,762,NO
8936,8936,NO
1639,1639,NO
3846,3846,NO
7251,7251,NO
8659,8659,NO
17489,17489,NO
72495,72495,NO
26518,26518,NO
78614,78614,NO
12658,12658,NO
724913,724913,NO
198456,198456,NO
468915,468915,NO
316972,316972,NO
754982,754982,NO
9317486,9317496,NO
6231875,6321870,NO
9158263,9185263,NO
9267453,9267453,NO
4236981,4236981,NO
65,65,YES
17,17,YES
38,38,YES
85,85,YES
13,13,YES
467,467,YES
867,867,YES
617,617,YES
483,483,YES
475,475,YES
6387,6387,YES
6527,6527,YES
8692,8692,YES
2689,2689,YES
3419,3419,YES
51783,51783,YES
37941,37941,YES
51689,51689,YES
25831,25831,YES
78235,78235,YES
679152,679152,YES
683172,683172,YES
815239,815239,YES
379852,379852,YES
371842,371842,YES
4175293,4175293,YES
1548236,1548326,YES
4718539,4718539,YES
6482719,6482719,YES
7621948,7621948,YES
31678452,31678452,YES
59436782,59436782,YES
92574361,29574361,YES
78643925,78643925,YES
91524736,91524736,YES
568723914,568723914,YES
857216439,85714369,YES
137648925,15764392,YES
692154378,692150078,YES
475619328,475621938,YES
32,32,YES
58,58,YES
34,34,YES
71,71,YES
17,17,YES
392,392,YES
793,793,YES
346,346,YES
186,186,YES
617,617,YES
2743,2743,YES
9657,9657,YES
3564,3564,YES
2439,2439,YES
4689,4689,YES
17258,17258,YES
35247,35247,YES
39172,39172,YES
83172,83172,YES
82743,82743,YES
976341,976341,YES
967123,867123,YES
859263,859263,YES
642851,642851,YES
783962,783962,YES
1829764,1829764,YES
2315479,2315479,YES
5486931,5486931,YES
1459273,1459273,YES
5816732,1573000,YES
73612598,73612598,YES
83749261,83749261,YES
13264859,16264859,YES
34296815,35296815,YES
84319627,84319427,YES
18,18,YES
96,96,YES
37,37,YES
15,15,YES
83,83,YES
679,679,YES
815,815,YES
582,582,YES
918,918,YES
416,416,YES
4321,4321,YES
9813,9813,YES
9132,9132,YES
9841,9841,YES
9574,9574,YES
36147,36147,YES
67321,36321,YES
29467,29467,YES
86243,86243,YES
76459,76459,YES
478529,478929,YES
319782,319728,YES
629783,629783,YES
879563,879563,YES
623874,623874,YES
6859274,6859274,YES
9356241,97536241,YES
6981375,69382745,YES
6352781,63547810,YES
1768354,1768354,YES
79,79,NO
85,85,NO
24,24,NO
85,85,NO
52,52,NO
269,269,NO
478,478,NO
836,836,NO
153,153,NO
153,153,NO
6395,6395,NO
5643,5643,NO
4376,4376,NO
3915,3915,NO
2941,2941,NO
15243,15243,NO
62351,62351,NO
13792,13792,NO
39716,39716,NO
38576,38576,NO
234957,234957,NO
723619,723691,NO
483972,483972,NO
163479,146371,NO
631578,631578,NO
4692713,4679921,NO
2684751,2684751,NO
6549813,6549813,NO
5482973,5694973,NO
2136479,2136479,NO
79685243,7956432,NO
59136782,5913782,NO
87942561,87942561,NO
45398271,4539835271,NO
18623957,18629372,NO
58,58,YES
25,25,YES
18,18,YES
87,87,YES
58,58,YES
267,267,YES
836,836,YES
214,214,YES
189,189,YES
387,387,YES
4269,4269,YES
7462,7462,YES
2493,2493,YES
7894,7894,YES
9341,9341,YES
73168,73168,YES
48519,48519,YES
42618,42618,YES
24936,24936,YES
96782,96782,YES
726143,726143,YES
289537,289537,YES
519273,519273,YES
124368,124368,YES
745128,745128,YES
2475968,2475968,YES
1653892,1683892,YES
2871945,2872945,YES
8159346,8159346,YES
9715432,9565712,YES
65,65,NO
68,68,NO
68,68,NO
83,83,NO
54,54,NO
439,439,NO
435,435,NO
951,951,NO
247,247,NO
983,983,NO
2461,2461,NO
5382,5382,NO
2475,2475,NO
9756,9756,NO
6519,6519,NO
69283,69283,NO
63579,63579,NO
49162,49162,NO
89257,89257,NO
95426,95426,NO
867135,867135,NO
281963,281963,NO
628749,628749,NO
283475,283475,NO
648397,648379,NO
3278956,3278956,NO
3619827,3619827,NO
3481276,3481276,NO
7589136,7589136,NO
5829471,5829471,NO
43982657,43582795,NO
48713269,48713269,NO
12856937,12835967,NO
73248659,73248695,NO
97248563,9784563,NO
13,13,YES
61,61,YES
27,27,YES
96,96,YES
38,38,YES
892,892,YES
528,528,YES
681,681,YES
917,917,YES
365,365,YES
6259,6259,YES
5238,5238,YES
8256,8256,YES
8372,8372,YES
1572,1572,YES
71563,71563,YES
68739,68739,YES
35846,35847,YES
28134,28134,YES
82375,82375,YES
128675,128675,YES
481735,481735,YES
172643,172643,YES
391674,391674,YES
724695,724695,YES
4516897,4516897,YES
3426795,3426795,YES
9812475,9812475,YES
5489236,5489236,YES
9465281,9465281,YES
63581742,6458172,YES
52867913,5286792,YES
49173586,4915873,YES
46912358,46912358,YES
91756482,46917358,YES
18,18,YES
96,96,YES
68,68,YES
24,24,YES
73,73,YES
926,926,YES
942,942,YES
416,416,YES
689,689,YES
583,583,YES
7658,7658,YES
4638,4638,YES
1872,1872,YES
4361,4361,YES
6397,6397,YES
52398,52398,YES
69853,69853,YES
92437,92437,YES
96871,96871,YES
52647,52647,YES
486379,486379,YES
417283,417283,YES
892637,892637,YES
742369,723946,YES
491568,491568,YES
8794536,8794536,YES
3519726,3517926,YES
2486517,2486517,YES
9482136,9482146,YES
7483156,7483156,YES
15346278,15327648,YES
46795281,46785126,YES
46523891,46523891,YES
31974285,39874285,YES
69235741,69235741,YES
94,94,YES
13,13,YES
89,89,YES
71,71,YES
82,82,YES
362,362,YES
563,563,YES
256,256,YES
758,758,YES
674,674,YES
6379,6379,YES
7581,7581,YES
1486,1486,YES
2954,2954,YES
7298,7298,YES
81752,81752,YES
12845,12845,YES
74581,74581,YES
19487,19487,YES
82653,28653,YES
682431,682431,YES
258431,258431,YES
146537,146537,YES
716928,716928,YES
327918,327918,YES
9864157,9865187,YES
6972813,6298712,YES
1256789,1256789,YES
6145983,1654983,YES
6537481,6547382,YES
76,76,YES
49,49,YES
97,97,YES
38,38,YES
68,68,YES
719,719,YES
594,594,YES
875,875,YES
297,297,YES
742,742,YES
3786,3786,YES
7139,7139,YES
8149,8149,YES
1576,1576,YES
5647,5647,YES
84623,84623,YES
83947,83947,YES
26375,26375,YES
96528,96528,YES
37429,37429,YES
291375,291375,YES
194362,194362,YES
721385,721385,YES
539867,539867,YES
518742,518742,YES
3682954,3682956,YES
3514982,3514984,YES
4392756,0,YES
4687321,4687000,YES
9435872,9435872,YES
67,67,YES
23,23,YES
27,27,YES
97,97,YES
93,93,YES
218,218,YES
824,824,YES
569,569,YES
416,416,YES
376,376,YES
1269,1269,YES
5968,5968,YES
9471,9471,YES
7523,7523,YES
1472,1472,YES
24569,24569,YES
68759,68759,YES
28419,28419,YES
38426,38426,YES
15869,15869,YES
148372,148372,YES
729136,729136,YES
819354,819354,YES
231745,231745,YES
684329,684329,YES
2167598,2167598,YES
5649283,5649283,YES
1873652,1873652,YES
4937681,4973680,YES
8241693,8261493,YES
85671943,85671943,YES
56932471,569523741,YES
45376812,45638120,YES
24379581,23678591,YES
13296874,13296874,YES
16,16,YES
91,91,YES
49,49,YES
48,48,YES
18,18,YES
745,745,YES
216,216,YES
368,368,YES
658,658,YES
926,926,YES
8764,8764,YES
2475,2475,YES
5243,5243,YES
8217,8217,YES
2359,2359,YES
61295,61295,YES
41935,41935,YES
73961,73961,YES
53468,53468,YES
12987,12987,YES
123945,123945,YES
457281,457281,YES
957346,573428,YES
387651,387651,YES
639182,639182,YES
4168379,4168379,YES
1892465,1892465,YES
2584397,2584397,YES
9872531,9872531,YES
1923486,1923486,YES
49351726,49351726,YES
24756193,24756193,YES
67312485,67312485,YES
37269584,37269584,YES
17839265,17839265,YES
962754138,96275138,YES
375864219,375864219,YES
753246198,753146298,YES
732648591,732645891,YES
175398642,175368492,YES
63,63,YES
38,38,YES
51,51,YES
86,86,YES
32,32,YES
972,972,YES
162,162,YES
196,196,YES
519,519,YES
712,712,YES
9134,9134,YES
9758,9758,YES
1839,1839,YES
1265,1265,YES
1724,1724,YES
74865,74865,YES
82157,82157,YES
53417,53417,YES
89261,89261,YES
53976,53976,YES
396178,396178,YES
847935,847935,YES
354892,354892,YES
983275,983275,YES
634915,694315,YES
4852136,4853126,YES
1495386,1495386,YES
2546138,2546138,YES
4573618,450008,YES
1347958,1347958,YES
34917265,34917200,YES
84675291,84576291,YES
18746932,18746932,YES
86935174,86927104,YES
75341628,75641328,YES
31,31,NO
85,85,NO
13,13,NO
86,86,NO
25,25,NO
762,762,NO
293,293,NO
685,685,NO
217,217,NO
184,184,NO
3189,3189,NO
2483,2483,NO
5194,5194,NO
5349,5349,NO
2978,2978,NO
29813,29813,NO
71348,71348,NO
19823,19823,NO
81972,81972,NO
54678,54678,NO
165438,165438,NO
856932,856932,NO
396581,396581,NO
419863,419863,NO
685214,685214,NO
9625438,9625438,NO
2453687,2453687,NO
4692387,4692387,NO
3481529,3481529,NO
3627984,3627984,NO
35724186,35724186,NO
61528479,61528479,NO
18427369,18427369,NO
39257184,39257184,NO
13476892,43678092,NO
853267149,853267149,NO
491857326,491857326,NO
287531469,287531469,NO
645398217,645398217,NO
167398452,167398452,NO
84,84,NO
76,76,NO
54,54,NO
93,93,NO
75,75,NO
189,189,NO
135,135,NO
713,713,NO
859,859,NO
537,537,NO
5178,5178,NO
7643,7643,NO
6285,6285,NO
2351,2351,NO
8354,8354,NO
72439,72439,NO
79361,79361,NO
76359,76359,NO
32584,32584,NO
35982,35982,NO
357486,357486,NO
613259,613295,NO
678921,678912,NO
982164,982164,NO
389512,389512,NO
9124673,9124673,NO
8126534,8126534,NO
4821937,4823591,NO
2736458,2736498,NO
3241756,3241756,NO
74851293,7458413,NO
18327654,38127654,NO
94182635,94183516,NO
38716524,38742560,NO
72641389,38724510,NO
91,91,YES
24,24,YES
74,74,YES
75,75,YES
45,45,YES
653,653,YES
879,879,YES
238,238,YES
386,386,YES
968,968,YES
9438,9438,YES
6387,6387,YES
4289,4289,YES
6927,6927,YES
5361,5361,YES
78469,78469,YES
27951,27951,YES
69485,69485,YES
97658,97658,YES
36724,36724,YES
764893,764893,YES
218593,218593,YES
396125,396125,YES
192648,192648,YES
739548,739548,YES
3568429,3968420,YES
3214895,432895,YES
2349186,2349186,YES
5692714,269374,YES
8452691,8452691,YES
52,52,NO
51,51,NO
85,85,NO
91,91,NO
48,48,NO
241,241,NO
736,736,NO
826,826,NO
763,763,NO
896,896,NO
6537,6537,NO
3629,3629,NO
3827,3827,NO
6938,6938,NO
5149,5149,NO
39418,39418,NO
64823,64823,NO
53794,53794,NO
61874,61874,NO
81432,81432,NO
718263,718263,NO
284796,284796,NO
917523,917523,NO
453861,453861,NO
394216,394216,NO
9813247,9813247,NO
5346829,5343689,NO
1846379,1843709,NO
9231476,932146,NO
4615928,4615928,NO
75,75,NO
37,37,NO
94,94,NO
84,84,NO
56,56,NO
657,657,NO
829,829,NO
841,841,NO
687,687,NO
641,641,NO
7853,7853,NO
3485,3485,NO
5381,5381,NO
3846,3846,NO
8417,8417,NO
32791,32791,NO
67541,67541,NO
13785,13785,NO
52813,52813,NO
46178,46178,NO
123869,123869,NO
923846,923846,NO
382457,382457,NO
157963,157963,NO
743215,743215,NO
9148765,9148765,NO
2751896,2751896,NO
9543827,9543287,NO
2683954,2683954,NO
6419852,6419852,NO
31746582,31746582,NO
82569371,82569371,NO
71852649,75618249,NO
48739612,43768192,NO
51643829,51643890,NO
25,25,YES
92,92,YES
89,89,YES
83,83,YES
27,27,YES
291,291,YES
862,862,YES
619,619,YES
827,827,YES
862,862,YES
1256,1256,YES
6913,6913,YES
8157,8157,YES
4216,4216,YES
7159,7159,YES
63985,63895,YES
69713,69713,YES
51792,51792,YES
94258,94258,YES
91472,91472,YES
152364,152364,YES
283546,283546,YES
852749,852749,YES
853264,853346,YES
412837,412387,YES
6157394,6157394,YES
4758296,4758215,YES
6581429,6580417,YES
4231678,4321867,YES
1467928,4617892,YES
18,18,YES
58,58,YES
25,25,YES
57,57,YES
18,18,YES
547,547,YES
346,346,YES
649,649,YES
862,862,YES
672,672,YES
6295,6295,YES
2847,2847,YES
4216,4216,YES
5917,5917,YES
5478,5478,YES
67548,67548,YES
38156,38156,YES
49738,49738,YES
78296,78296,YES
54139,54139,YES
983274,9872324,YES
157683,157683,YES
478625,478625,YES
752941,752941,YES
563127,563127,YES
9185247,9185427,YES
2698714,2698714,YES
7532169,7532169,YES
1975438,195738,YES
7843925,7843920,YES
24,24,YES
16,16,YES
96,96,YES
32,32,YES
57,57,YES
594,594,YES
694,694,YES
268,268,YES
816,816,YES
789,789,YES
9724,9724,YES
6587,6587,YES
4267,4267,YES
6319,6319,YES
4587,4587,YES
19653,19653,YES
45827,45827,YES
67981,67981,YES
29471,29471,YES
59748,59748,YES
271963,271963,YES
415768,415768,YES
832417,832417,YES
289146,289146,YES
273596,273596,YES
5637489,5673489,YES
3482167,3482167,YES
7938562,7938512,YES
8619732,8619782,YES
7361485,7361485,YES
64,64,YES
38,38,YES
87,87,YES
35,35,YES
58,58,YES
532,532,YES
297,297,YES
248,248,YES
187,187,YES
726,726,YES
9486,9486,YES
6428,6428,YES
1876,1876,YES
3864,3864,YES
3647,3647,YES
48976,48976,YES
85143,85413,YES
98734,98734,YES
52976,52976,YES
82971,82971,YES
723185,72318,YES
845732,845672,YES
618249,618249,YES
837256,837276,YES
834162,834162,YES
71,71,YES
84,84,YES
85,85,YES
46,46,YES
12,12,YES
236,236,YES
198,198,YES
469,469,YES
523,523,YES
628,628,YES
2347,2347,YES
3692,3692,YES
7315,7315,YES
6378,6378,YES
6137,6137,YES
93124,93124,YES
57431,57431,YES
47289,47289,YES
58694,58694,YES
97645,97645,YES
547396,547396,YES
238197,238197,YES
156432,156432,YES
345196,345196,YES
214835,218403,YES
4618239,4618239,YES
1495382,1495382,YES
1243597,1342597,YES
1352496,1352496,YES
3278549,3258749,YES
74163259,74163259,YES
54369712,54369712,YES
24957836,24957836,YES
15872394,15872397,YES
96235847,96235748,YES
628395741,628395417,YES
831265947,831265947,YES
417826935,417826935,YES
687925431,687925431,YES
594216873,594216873,YES
21,21,YES
27,27,YES
49,49,YES
83,83,YES
72,72,YES
574,574,YES
165,165,YES
619,619,YES
729,729,YES
682,682,YES
5971,5971,YES
7429,7429,YES
6783,6783,YES
2573,2573,YES
2547,2547,YES
59742,59742,YES
59714,59714,YES
95826,95826,YES
47592,47592,YES
25763,25763,YES
785639,785639,YES
145738,145738,YES
827491,827491,YES
165498,165498,YES
918376,918376,YES
9812734,9812734,YES
9241583,9241583,YES
9815426,9815426,YES
4189732,4189732,YES
6571483,6571483,YES
53469217,5436972,YES
23476851,23476851,YES
17352689,17352689,YES
43618792,43678192,YES
62931574,629714385,YES
29,29,NO
98,98,NO
23,23,NO
32,32,NO
52,52,NO
134,134,NO
948,948,NO
842,842,NO
968,968,NO
627,627,NO
9637,9637,NO
4527,4527,NO
6291,6291,NO
2836,2836,NO
8725,8725,NO
15426,15426,NO
23489,23480,NO
82137,82137,NO
31569,31569,NO
27813,27893,NO
153698,159380,NO
721956,721956,NO
426735,426735,NO
752348,752380,NO
749652,764962,NO
27,27,YES
21,21,YES
78,78,YES
25,25,YES
85,85,YES
196,196,YES
549,549,YES
853,853,YES
256,256,YES
769,769,YES
1369,1369,YES
2736,2736,YES
8142,8142,YES
4817,4817,YES
1864,1864,YES
72465,72465,YES
53927,53927,YES
61985,61985,YES
54179,54179,YES
96435,96435,YES
562138,562138,YES
678945,678945,YES
763852,763852,YES
871236,873126,YES
287459,287459,YES
4128736,2841276,YES
6539812,6539812,YES
4719652,4719652,YES
5798324,5789314,YES
6978312,6987312,YES
89,89,NO
68,68,NO
51,51,NO
95,95,NO
79,79,NO
981,981,NO
365,365,NO
385,385,NO
295,295,NO
965,965,NO
4789,4789,NO
5479,5479,NO
1652,1652,NO
2314,2314,NO
1367,1367,NO
78239,78239,NO
64275,64275,NO
43982,43982,NO
85371,85371,NO
61897,61897,NO
265371,265371,NO
253761,253761,NO
859427,859427,NO
864137,864137,NO
395872,395872,NO
3962481,3962481,NO
9862173,9862173,NO
6157982,6157982,NO
7539428,7439428,NO
4392178,4382178,NO
62418937,62418937,NO
87531962,87531962,NO
61853427,61853207,NO
15673498,15673498,NO
71534682,71534682,NO
439571682,439571682,NO
925467183,925467183,NO
796281534,796281543,NO
391584627,394628007,NO
924753861,93700000,NO
92,92,YES
69,69,YES
72,72,YES
73,73,YES
37,37,YES
467,467,YES
427,427,YES
952,952,YES
416,416,YES
426,426,YES
8236,8236,YES
4857,4857,YES
4192,4192,YES
8527,8527,YES
3512,3512,YES
57928,57928,YES
58692,58692,YES
72631,72631,YES
53218,53218,YES
51862,51862,YES
763524,763514,YES
539642,539624,YES
915876,915876,YES
132987,132987,YES
285719,285791,YES
72,72,YES
53,53,YES
98,98,YES
84,84,YES
37,37,YES
392,392,YES
185,185,YES
723,723,YES
537,537,YES
319,319,YES
2473,2473,YES
3972,3972,YES
6759,6759,YES
6439,6439,YES
7628,7628,YES
92436,92436,YES
56871,56871,YES
93241,93241,YES
91256,91256,YES
89146,89146,YES
791246,791246,YES
736825,736825,YES
832591,832591,YES
984723,984723,YES
891625,891625,YES
2615879,215678,YES
9251378,925178,YES
3579418,3579418,YES
2195847,2159847,YES
9842736,984273,YES
75,75,YES
35,35,YES
24,24,YES
38,38,YES
98,98,YES
738,738,YES
926,926,YES
385,385,YES
793,793,YES
413,413,YES
3127,3127,YES
3758,3758,YES
8349,8349,YES
9287,9287,YES
3184,3184,YES
52798,52798,YES
43267,42367,YES
27456,27456,YES
42895,2895,YES
53241,53241,YES
217956,217956,YES
781359,781359,YES
398461,398461,YES
752849,752849,YES
865734,865734,YES
9256173,9256193,YES
3624187,3624187,YES
7529341,7538421,YES
2716598,2916518,YES
8736915,8736951,YES
51,51,NO
32,32,NO
19,19,NO
91,91,NO
64,64,NO
359,359,NO
469,469,NO
194,194,NO
483,483,NO
619,619,NO
7439,7439,NO
8731,8731,NO
7129,7129,NO
9251,9251,NO
3974,3974,NO
82375,82375,NO
64859,64859,NO
52874,52874,NO
47195,47195,NO
27469,27469,NO
741295,742195,NO
135624,135624,NO
153692,1543692,NO
874329,874329,NO
241568,241568,NO
5917438,5917438,NO
5138962,5138691,NO
7681435,7681435,NO
5189264,5189264,NO
6871923,6871923,NO
61375428,61374528,NO
52683417,54683197,NO
93267415,932674581,NO
73689254,73689254,NO
91368754,9168547,NO
56,56,YES
25,25,YES
34,34,YES
92,92,YES
29,29,YES
164,164,YES
387,387,YES
831,831,YES
895,895,YES
537,537,YES
8374,8374,YES
4378,4378,YES
2781,2781,YES
3265,3265,YES
2986,2986,YES
58294,58294,YES
76349,76349,YES
94518,94518,YES
53672,53672,YES
69423,69423,YES
496735,496735,YES
213875,213875,YES
376214,376214,YES
439216,439216,YES
483157,483157,YES
4826937,4826937,YES
9168742,9168742,YES
1726349,1726349,YES
4613298,46916329,YES
1793548,1793548,YES
59342178,5932478,YES
79481256,7945986,YES
47562189,47125978,YES
82941357,8941732,YES
83627195,48129759,YES
81,81,YES
79,79,YES
68,68,YES
52,52,YES
59,59,YES
134,134,YES
972,972,YES
923,923,YES
681,681,YES
385,385,YES
1678,1678,YES
7564,7564,YES
4619,4619,YES
9261,9261,YES
5718,5718,YES
75624,75624,YES
69274,69274,YES
64821,64821,YES
63794,63794,YES
15872,15872,YES
168249,168429,YES
749368,749368,YES
417652,417652,YES
541869,541869,YES
673954,673954,YES
7215349,7215349,YES
7451639,7451639,YES
9173856,9173856,YES
9824756,982475,YES
9573648,9563480,YES
83427956,83257960,YES
18527643,18520623,YES
28354691,23746500,YES
42678593,4267928,YES
71423569,71423569,YES
29,29,YES
15,15,YES
78,78,YES
49,49,YES
53,53,YES
395,395,YES
372,372,YES
142,142,YES
953,953,YES
147,147,YES
1547,1547,YES
4752,4752,YES
5936,5936,YES
1283,1283,YES
7638,7638,YES
81734,81734,YES
24615,24615,YES
78521,78521,YES
42861,42861,YES
83169,83169,YES
831297,831297,YES
732159,732159,YES
957842,957842,YES
573198,573198,YES
829645,829645,YES
5816732,5876132,YES
9465732,9465732,YES
8631425,8631425,YES
4768529,4768529,YES
2965837,2965837,YES
58762913,58702913,YES
36745891,36745891,YES
67235498,67235498,YES
75936814,75390048,YES
36452198,36452198,YES
841395762,841395732,YES
927164358,927100438,YES
759328416,75932416,YES
237958461,237950436,YES
398142756,394207056,YES
63,63,NO
24,24,NO
39,39,NO
59,59,NO
95,95,NO
426,426,NO
243,243,NO
931,931,NO
712,712,NO
658,658,NO
5248,5248,NO
9716,9716,NO
5968,5968,NO
6735,6735,NO
1895,1895,NO
39864,38964,NO
43816,43816,NO
79315,79315,NO
98351,98351,NO
59813,59813,NO
672485,672485,NO
453126,453126,NO
976531,975431,NO
183594,18359,NO
951736,951076,NO
98,98,YES
84,84,YES
51,51,YES
23,23,YES
82,82,YES
327,327,YES
234,234,YES
129,129,YES
132,132,YES
736,736,YES
4378,4378,YES
1782,1782,YES
2784,2784,YES
2634,2634,YES
5124,5124,YES
32547,32547,YES
14879,14879,YES
76193,76193,YES
73862,73862,YES
49618,49618,YES
964712,964712,YES
612347,612347,YES
492651,492651,YES
914573,914573,YES
861253,861453,YES
4812576,4815760,YES
1932648,1932468,YES
8391576,8391576,YES
4281693,4281693,YES
5731849,5738490,YES
83,83,YES
84,84,YES
79,79,YES
68,68,YES
54,54,YES
427,427,YES
149,149,YES
978,978,YES
197,197,YES
493,493,YES
9873,9873,YES
4268,4268,YES
7492,7492,YES
8164,8164,YES
5723,5723,YES
41528,41528,YES
73284,73284,YES
69145,69145,YES
48163,48163,YES
63798,63798,YES
923165,932165,YES
792658,792658,YES
835972,835972,YES
986731,986731,YES
629435,6294835,YES
9725463,9725463,YES
2687543,2687543,YES
6918253,6918253,YES
1957483,1987483,YES
7652138,7652183,YES
12647938,12647893,YES
28516437,28176543,YES
48251379,482507009,YES
41862973,4182697,YES
42653871,426538947,YES
65,65,NO
71,71,NO
97,97,NO
96,96,NO
16,16,NO
152,152,NO
432,432,NO
764,764,NO
731,731,NO
143,143,NO
5816,5816,NO
6279,6279,NO
8359,8359,NO
1549,1549,NO
3569,3569,NO
53184,53814,NO
95123,95123,NO
98527,98527,NO
71624,71624,NO
71829,71829,NO
493258,493258,NO
713658,713658,NO
612387,613287,NO
286471,286471,NO
149527,149527,NO
9184237,9184327,NO
5691873,5691873,NO
4615938,4619008,NO
4312587,4312587,NO
3419628,3419628,NO
35176928,351798,NO
92345867,9234587,NO
98316247,98316247,NO
17826349,1700349,NO
19327456,19327496,NO
25,25,YES
45,45,YES
52,52,YES
53,53,YES
94,94,YES
625,625,YES
812,812,YES
324,324,YES
726,726,YES
694,694,YES
3619,3619,YES
2856,2856,YES
1968,1968,YES
9385,9385,YES
3815,3815,YES
73694,73694,YES
79368,79368,YES
96312,96312,YES
82935,82935,YES
67139,67139,YES
931587,931587,YES
783456,783456,YES
946831,946831,YES
649172,649172,YES
368592,368592,YES
1462395,1462395,YES
7532491,7532491,YES
3756984,3795084,YES
9345218,934518,YES
4812657,4812657,YES
82746153,8276153,YES
67924518,67924518,YES
94821537,94821537,YES
56971823,71982,YES
35182674,35182674,YES
276854913,20780513,YES
291764583,297165437,YES
629134875,34691827,YES
412693785,412693785,YES
149865723,149865723,YES
89,89,YES
56,56,YES
74,74,YES
16,16,YES
62,62,YES
936,936,YES
581,581,YES
627,627,YES
576,576,YES
278,278,YES
1264,1264,YES
7289,7289,YES
5327,5327,YES
7698,7698,YES
7325,7325,YES
78436,78436,YES
94836,94836,YES
28579,28579,YES
65231,65231,YES
67314,67314,YES
652184,652184,YES
578624,578624,YES
176958,176598,YES
586934,586934,YES
734526,734526,YES
6947128,6947128,YES
9134872,9134872,YES
4269538,4269538,YES
3864752,3864752,YES
5739162,5730162,YES
35481679,35481679,YES
91723465,91723465,YES
97631284,97631284,YES
59814763,59814763,YES
91563742,91563742,YES
913462857,92348167,YES
348275916,348275916,YES
745283196,745283496,YES
168359247,168359412,YES
785962134,785962413,YES
25,25,NO
95,95,NO
96,96,NO
42,42,NO
96,96,NO
317,317,NO
931,931,NO
162,162,NO
789,789,NO
162,162,NO
4867,4867,NO
8354,8354,NO
4937,4937,NO
2384,2384,NO
8316,8316,NO
63491,63491,NO
41782,41782,NO
26473,26473,NO
39154,39154,NO
31975,39157,NO
137568,317568,NO
487936,487396,NO
765329,765329,NO
874913,874913,NO
945367,945367,NO
4721368,4723168,NO
2453698,2453698,NO
7861293,7681039,NO
7658391,768319,NO
2396748,132678,NO
73,73,NO
18,18,NO
82,82,NO
36,36,NO
24,24,NO
529,529,NO
389,389,NO
826,826,NO
293,293,NO
823,823,NO
7513,7513,NO
6483,6483,NO
5196,5196,NO
8746,8746,NO
2736,2736,NO
65712,65712,NO
57963,57963,NO
65498,65498,NO
39862,39862,NO
63914,63914,NO
295861,295861,NO
513487,513487,NO
246897,246897,NO
786152,786152,NO
967845,967845,NO
7842561,7842561,NO
6927581,6927581,NO
6479512,6479512,NO
8193642,8193642,NO
1456729,1456729,NO
17423869,17423869,NO
75832614,75832614,NO
92865347,92865347,NO
48761325,48761325,NO
89674513,89674513,NO
249651378,249651378,NO
374695821,374695821,NO
497281536,497281536,NO
718263459,718263459,NO
634519782,134569782,NO
25,25,YES
87,87,YES
42,42,YES
61,61,YES
26,26,YES
852,852,YES
456,456,YES
165,165,YES
416,416,YES
942,942,YES
5149,5149,YES
5962,5962,YES
6751,6751,YES
7654,7654,YES
2179,2179,YES
82369,82369,YES
82397,82397,YES
14238,14238,YES
16384,16384,YES
51784,51784,YES
753629,753629,YES
815932,815932,YES
725689,725689,YES
963542,963542,YES
319274,319274,YES
8549637,8594367,YES
1932864,1832964,YES
6753482,6734582,YES
2578391,2478391,YES
9823741,9823714,YES
56,56,NO
91,91,NO
62,62,NO
79,79,NO
28,28,NO
195,195,NO
342,342,NO
234,234,NO
589,589,NO
321,321,NO
4862,4862,NO
4952,4952,NO
7629,7629,NO
2967,2967,NO
4637,4637,NO
38172,38172,NO
68329,68329,NO
14653,14653,NO
13578,13578,NO
26578,26578,NO
486259,486259,NO
654238,654238,NO
426983,426983,NO
648912,648912,NO
967125,967125,NO
9418765,9167500,NO
4863719,4863719,NO
7285364,725834,NO
7285914,7258914,NO
7425836,7425836,NO
65,65,YES
72,72,YES
12,12,YES
57,57,YES
71,71,YES
364,364,YES
964,964,YES
941,941,YES
157,157,YES
946,946,YES
3829,3829,YES
3472,3472,YES
8549,8549,YES
8942,8942,YES
8723,8723,YES
28735,28735,YES
87924,87924,YES
65893,65893,YES
17432,17432,YES
49753,49753,YES
269374,269374,YES
817436,817436,YES
976481,976481,YES
946278,946278,YES
251897,259870,YES
4192653,41926513,YES
2813964,2813964,YES
6923541,6923541,YES
3897651,3897651,YES
8435796,8437960,YES
34182567,341825600,YES
41359728,41359728,YES
28397615,28317659,YES
53427189,534127089,YES
68542739,68542739,YES
46,46,YES
92,92,YES
52,52,YES
96,96,YES
94,94,YES
917,917,YES
784,784,YES
438,438,YES
187,187,YES
759,759,YES
5974,5974,YES
5137,5137,YES
1964,1964,YES
3416,3416,YES
3684,3684,YES
49217,49217,YES
51832,51382,YES
84762,84762,YES
19384,19384,YES
16475,16475,YES
573629,573629,YES
785641,785641,YES
895147,895147,YES
687459,687459,YES
596281,596281,YES
3452178,3452178,YES
1638495,1638495,YES
4852976,48529876,YES
7521683,7521683,YES
3674298,3674298,YES
37142958,37142958,YES
26439715,37279415,YES
19345628,19345628,YES
36529718,36529178,YES
63159748,63159578,YES
53,53,YES
62,62,YES
87,87,YES
84,84,YES
13,13,YES
173,173,YES
198,198,YES
491,491,YES
745,745,YES
172,172,YES
8375,8375,YES
7368,7368,YES
8146,8146,YES
4968,4968,YES
7964,7964,YES
75814,75814,YES
56312,56312,YES
45632,45632,YES
86312,83612,YES
96532,96532,YES
135926,139526,YES
643718,643718,YES
371582,371582,YES
396482,396482,YES
297513,297513,YES
3168574,3165874,YES
1459863,4159863,YES
3169425,3169425,YES
1836527,1836527,YES
2315784,2315784,YES
69147528,6144728,YES
57198324,57198372,YES
19285437,19285437,YES
23546917,23546917,YES
21587693,21587693,YES
581947362,581947386,YES
672145389,672543312,YES
968257341,962457342,YES
143265789,143282567,YES
839754612,837764132,YES
42,42,YES
15,15,YES
16,16,YES
26,26,YES
16,16,YES
128,128,YES
981,981,YES
548,548,YES
732,732,YES
985,985,YES
3695,3695,YES
1924,1924,YES
3751,3751,YES
4152,4152,YES
4913,4913,YES
59378,59378,YES
94167,59176,YES
27493,27493,YES
24635,24635,YES
67593,67593,YES
638542,63842,YES
634918,63490,YES
763481,64381,YES
561824,650001,YES
267918,267918,YES
63,63,NO
59,59,NO
69,69,NO
89,89,NO
89,89,NO
562,562,NO
689,689,NO
713,713,NO
763,763,NO
873,873,NO
4132,4132,NO
3829,3829,NO
6732,6732,NO
1427,1427,NO
1326,1326,NO
53187,53187,NO
41983,41893,NO
98726,98726,NO
52196,52196,NO
73652,76352,NO
519263,596123,NO
476198,47619,NO
421687,421678,NO
351867,351876,NO
917285,971285,NO
38,38,YES
84,84,YES
62,62,YES
86,86,YES
75,75,YES
537,537,YES
367,367,YES
862,862,YES
423,423,YES
295,295,YES
4138,4138,YES
2967,2967,YES
5463,5463,YES
1629,1629,YES
5624,5624,YES
41635,41635,YES
24837,24837,YES
89145,89145,YES
67259,67259,YES
15834,15834,YES
178542,178542,YES
163548,163548,YES
456728,456728,YES
148395,148395,YES
194568,194568,YES
1264358,143568,YES
1657923,1657923,YES
1623478,1623478,YES
6897145,6897145,YES
5241873,5241873,YES
49681523,49681523,YES
41629873,41629873,YES
85942763,85942763,YES
87346251,87346251,YES
85423196,85423196,YES
326971584,326871584,YES
957312468,957312468,YES
629817534,629817524,YES
624573189,624573180,YES
534829716,534829716,YES
24,24,YES
75,75,YES
92,92,YES
48,48,YES
91,91,YES
648,648,YES
281,281,YES
281,281,YES
845,845,YES
263,263,YES
6132,6132,YES
9781,9781,YES
9815,9815,YES
3186,3186,YES
5249,5249,YES
41283,41283,YES
69387,69387,YES
73458,73458,YES
34921,34921,YES
85691,85691,YES
513674,513674,YES
195234,195234,YES
925816,925016,YES
872134,876132,YES
867934,876934,YES
74,74,YES
84,84,YES
71,71,YES
94,94,YES
83,83,YES
461,461,YES
658,658,YES
274,274,YES
372,372,YES
356,356,YES
7526,7526,YES
4956,4956,YES
9285,9285,YES
2175,2175,YES
6451,6451,YES
89531,89531,YES
39618,39618,YES
43691,43691,YES
75162,75162,YES
76159,76159,YES
351976,3519716,YES
145976,145976,YES
261543,261543,YES
529684,529684,YES
624397,624397,YES
1784692,1746892,YES
6572418,6572418,YES
7236145,7236145,YES
1796235,7296235,YES
9312465,9312465,YES
35497218,35497218,YES
54279318,54279318,YES
32715948,32719548,YES
67512398,67512398,YES
38465712,384571632,YES
871934265,3719460000,YES
428159376,42815796,YES
721984536,728943576,YES
197426835,197428315,YES
437891526,4378915236,YES
34,34,YES
29,29,YES
26,26,YES
51,51,YES
73,73,YES
759,759,YES
127,127,YES
463,463,YES
697,697,YES
375,375,YES
2594,2594,YES
9786,9786,YES
5387,5387,YES
4975,4975,YES
9213,9213,YES
32598,32598,YES
73198,73198,YES
53498,53498,YES
46813,46813,YES
12435,12435,YES
831265,831265,YES
987562,987562,YES
368549,368549,YES
465328,465328,YES
786392,786392,YES
5981264,5981264,YES
8364291,8346291,YES
7385916,735891,YES
1628543,1628000,YES
8647395,864579,YES
25,25,NO
56,56,NO
13,13,NO
19,19,NO
15,15,NO
261,261,NO
974,974,NO
532,532,NO
928,928,NO
682,682,NO
3786,3786,NO
3714,3714,NO
9128,9128,NO
7324,7324,NO
2987,2987,NO
45673,45673,NO
79465,7945,NO
38972,38972,NO
19374,19374,NO
28617,28617,NO
459631,459631,NO
697215,697125,NO
231786,231786,NO
241683,241683,NO
374286,374286,NO
3694851,3869518,NO
5786213,5786213,NO
8217346,8217346,NO
4569187,4569187,NO
7485236,7485236,NO
62379458,62379478,NO
98643271,98764327,NO
13728645,1372468,NO
54821736,54872153,NO
94631827,9463182,NO
86,86,NO
39,39,NO
74,74,NO
32,32,NO
78,78,NO
586,586,NO
712,712,NO
523,523,NO
234,234,NO
823,823,NO
8163,8163,NO
8742,8742,NO
6475,6475,NO
2357,2357,NO
9134,9134,NO
38691,38691,NO
13492,13492,NO
36248,36248,NO
73641,73641,NO
69452,69452,NO
482659,482659,NO
968241,968241,NO
547192,547192,NO
419837,419837,NO
647192,647192,NO
9526743,9526742,NO
2536918,2536718,NO
1328596,13285936,NO
9578624,95785624,NO
6142573,6142573,NO
14,14,NO
16,16,NO
36,36,NO
34,34,NO
63,63,NO
316,316,NO
367,367,NO
826,826,NO
145,145,NO
874,874,NO
7316,7316,NO
2167,2167,NO
1428,1428,NO
4531,4531,NO
9234,9234,NO
78594,78594,NO
76235,76235,NO
32894,32894,NO
16395,16395,NO
89237,89237,NO
642598,642598,NO
465973,496753,NO
487659,478695,NO
815432,815432,NO
712968,719386,NO
32,32,NO
96,96,NO
46,46,NO
71,71,NO
19,19,NO
257,257,NO
293,293,NO
587,587,NO
951,951,NO
594,594,NO
8695,8695,NO
3514,3514,NO
7165,7165,NO
9846,9846,NO
7931,7931,NO
38574,38574,NO
54691,54691,NO
29461,29461,NO
34592,34592,NO
62345,62345,NO
396872,396872,NO
716348,716348,NO
135798,135798,NO
843751,843751,NO
451728,451728,NO
9573261,9573261,NO
8623517,8623517,NO
1578394,1578934,NO
1597648,1957648,NO
7428963,7892463,NO
42,42,NO
92,92,NO
91,91,NO
98,98,NO
27,27,NO
527,527,NO
389,389,NO
571,571,NO
841,841,NO
718,718,NO
7465,7465,NO
5713,5713,NO
1479,1479,NO
6154,6154,NO
8476,8476,NO
27385,27385,NO
46271,46271,NO
79165,79165,NO
25389,25389,NO
23897,23897,NO
976541,976541,NO
728413,728413,NO
475231,475231,NO
298765,298765,NO
234867,234867,NO
8764129,8764129,NO
5493876,5493876,NO
5943286,5493286,NO
3641528,3641528,NO
1856243,1856243,NO
49685712,49165196,NO
76194283,73194283,NO
63795184,63795184,NO
46512973,46512973,NO
97154236,97154236,NO
523678149,523468568,NO
384629571,384529684,NO
694125873,629125683,NO
365942178,365142968,NO
741236859,741236781,NO